0,BLUE ENCOUNT、ベース辻村の渡米前ラストツアーのファイナルとなる日本武道館公演の模様を、WOWOWプラスにて4...
1,新型コロナウイルスに関連した患者の発生について
2,3 月 3 日 ひなまつりは【アンテノール】のケーキでお祝い。プチサイズからホールまで、ひなまつりケーキのご...
3,不登校に進むSOSを見逃さない　発達凸凹女子の９歳の壁！ママがお悩み解決に導く『おうちカウンセリング』無...
4,Oggi専属モデル・泉 里香さんも参加! 「第1回Oggiオープンゴルフ」参加者募集中!
5,お肉王国のメンチカツ“都城メンチ”のバレンタイン特別企画！２月１４日(火)『ハートのメンチ』を販売します！
6,ノジマＴリーグ 2022-2023シーズン 公式戦　2月11日開催 木下マイスター東京 vs T.T彩たま　試合結果
7,ノジマＴリーグ 2022-2023シーズン 公式戦　2月11日開催　木下アビエル神奈川 vs 日本ペイントマレッツ　オー...
8,元中日ドラゴンズ 湊川誠隆氏・石川駿氏による「鳥羽市野球教室2023」を開催しました
9,LIFExDESIGNグランプリ受賞のAtelier nuu が環境負荷の低い素材を採用した新作バッグコレクションをギフトシ...
10,【西武池袋本店】猫の日にあわせポップアップを開催「Place where you meet cats ~猫と出会う場所 2023~」
11,『スヌーピードロップス』LINEポイントが当たるプレゼントキャンペーンを開催！
12,『アイドルマスター SideM』のちびぐるみが初登場　モーリーファンタジー・PALO限定で３月10日（金）より展開...
13,"2週間限定復活！|3日で2000名の予約が埋まった、店舗を間借りして本格江戸前赤酢寿司(15品¥3,500コース)を破..."
14,VTuber「末っ子かわい」× ヴィレッジヴァンガードのコラボグッズが発売開始！
15,★商品情報★2月23日(木・祝)11時スタート「井上三太展」にて大人気ハシームソフビの墓場の画廊別注カラー【ELE...
16,ノジマTリーグ 2022-2023シーズン 公式戦　2月11日(土) 15:30 試合開始　琉球アスティーダ vs 岡山リベッツ　...
17,火山盛で人気のカルビ火山が期間限定で『牛タン定食』を販売開始
18,P!NKのニュー・アルバム「Trustfall」を特集！Apple Storeギフトカードのプレゼントも／2月17日（土）『COUNT...
19,REAL AKIBA BOYZがプロデュースを手掛ける新ユニットメンバーオーディション『U-20 Audition Project』、その...
20,週末限定！Teclast人気タブレット「P20S」値下げ、Amazonで独占クーポン配布中！
21,ノジマＴリーグ 2022-2023シーズン 公式戦　2月12日開催 木下アビエル神奈川vs 日本生命レッドエルフ　ベンチ...
22,桃の節句は家族そろって山翠楼でお祝い
23,ノジマＴリーグ 2022-2023シーズン 公式戦　2月12日開催 木下マイスター東京vs 岡山リベッツ　ベンチ入り選手...
24,『全国スタートアップ拠点・オープンイノベーション促進セミナー』－地域を超えた繋がりが生む「世界に伍する...
25,ノジマTリーグ 2022-2023シーズン　公式戦　2月12日(日)開催　琉球アスティーダ vs T.T彩たま　ベンチ入り選...
26,2023 Jリーグ プレシーズンマッチ 第27回ちばぎんカップに向けたコメント（小林慶行監督、新井一耀選手、見木...
27,【完売御礼】天皇杯セミファイナル 横浜BC戦チケット完売のお知らせ
28,ダンスボーカルグループ OWV と JUNRed のスペシャルコラボレーション企画が実現!
29,福田雄一×井上芳雄「グリーン＆ブラックス」#71 ミュージカル『ジェーン・エア』の稽古場取材を敢行！豪華ス...
30,ケンダル・ジェンナー、イリーナ・シェイクがMARC JACOBS 2023年スプリングキャンペーンに登場！
31,「作品名いじり大会」結果発表！LINEマンガ利用者が名付けた限定タイトル公開中さらにバレンタインにピッタリ...
32,一般社団法人全日本青少年eスポーツ協会 / Gameic 認証団体「Next Esports」が法人チーム化
33,【3月8日（水）18:00〜】株式会社セレブリックスと白潟総研が、共催ウェビナー「中小ベンチャー企業のための...
34,ノジマＴリーグ 2022-2023シーズン 公式戦　2月11日開催　木下マイスター東京vs T.T彩たま　オーダー発表
35,【SAMURAI ENERGY】北海道コンサドーレ札幌様とのオフィシャルパートナー契約締結のお知らせ
36,２月フロレスタ！2/14までバレンタインドーナツ販売、そして2/15〜22は猫の日イベント開催！ドーナツお買い上...
37,【介護講習費⽤が15％OFF】早期予約で通常より2万円以上お得に！！＜介護講習早割キャンペーン＞を感謝を込め...
38,ありたでほっこり おもひでさんぽ。「第19回有田雛(ひいな)のやきものまつり」
39,セルビアで達成された２５６人のミリツァ・ヨヴァノビッチさん同姓同名最大の集まりギネス世界記録™️に破れた...
nothing
